fuente|inmueble|operacion|zona|distrito|direccion|precio|soles|dolares|variacion|mantenimiento|caracteristica|area|dormitorio|baños|estacionamientos|detalle|enlace|fecha
urbania|departamentos|alquiler|Lima Este|Ate Vitarte|"Republica de Libano al 100
El Rosal De Salamanca, Ate Vitarte"|S/ 2,300 · USD 680|2300|680|||"54 m² tot.
1 dorm.
1 baño"|54|1|||"Frente a Parque Privado a pasos del Jockey Plaza54 m² | 1 dormitorio | 1 estudio | 1 baño Características: • 1 dorm con closet y vista interna• Sala comedor • Cocina americana con tablero de cuarzo, encimera, horno. Incluye refrigeradora• 1 baño completo con mampara• Espacio de lavandería Características del edificio: • Ubicado en piso 5, excelente luz natural, vista semi interna• 2 ascensores y seguridad 24/7• Áreas comunes Top: gimnasio, piscina, bar, sala co working, area de parrillasUbicación estratégica: • A pasos de Jockey Plaza, cc. El Polo, cc. Camacho, La Rambla• Universidades: U. Lima, upc, esan, Agraria• Av. El Polo Encalada M Olguin Pan. Sur• A solo minutos de San Borja, San Isidro, San Luis, La Molina, Pan. Sur• Zona estratégica con excelente conectividad vial y a transporte públicoCondiciones del alquiler: • Precio: S/2, 300 mensuales• 2 mensualidades de garantía y 1 de adelanto• Mantenimiento aproximado: S/200 (incluye seguridad, limpieza y consumo de agua) • No mascotas"|https://urbania.pe/inmueble/clasificado/alclapin-alquiler-de-departamento-en-el-rosal-de-salamanca-ate-vitarte-1-dormitorio-148772037?n_src=Listado&n_pills=%C3%81rea+de+lavander%C3%ADa&n_pg=1&n_pos=1|2026-02-01
urbania|departamentos|alquiler|Lima Este|Ate Vitarte|"CALLE 3 MANZANA E LOTE 1
El Rosal De Salamanca, Ate Vitarte"|S/ 1,200 · USD 340|1200|340||100|"53 m² tot.
1 dorm.
1 baño
1 estac."|53|1||1|28 enero 2026. vea el video que se adjunta. ubicado en el 3° piso sin ascensor. vista interna. area 53 metros cuadrados. Máximo: 2 personas adultas. no mascotas. consta de: sala. comedor. un dormitorio grande con cortinas. cocina Y lavandería. baño completo con terma. intercomunicador. un amplio tendal en el piso superior. cochera disponible por S/200 mensual. ingreso totalmente independiente. buena ventilacion E iluminacion. buenos acabados. puerta principal de fierro haciéndola muy segura. Piso de parquet Y ventanas de tipo sistema modernas. pago de servicios. medidor de luz propio. agua entre 13 A 17 soles por persona al mes. mantenimiento del edificio S/ 100. 00. direccion: calle 3, manzana “E”, lote 1. Urbanización “el rosal de salamanca de monterrico” en ate. Junto al colegio virgen del rosario. Altura cuadra 13 de la av. Los quechuas. A 2 cuadras de av. Evitamiento (panamericana sur) Y A 2 minutos del trebol de javier prado. Edificio de 4 pisos color marron oscuro con amarillo. Sacar cita previamente. Condiciones: renta: S/ 1200. 00 soles. Otro dpto. : S/1000. 00 en primer piso (vea video) 1 mes adelantado + 1 de garantia. contrato notarial por 1 año como mínimo. Indispensable 3 ultimas boleta pago, para sustentar ingresos mensuales aprox. S/ 3600. ser sujeto de credito en infocorp. Por favor solamente personas serias. Informes Y citas: C. 991 – 778 - 870|https://urbania.pe/inmueble/clasificado/alclapin-alquiler-de-departamento-en-el-rosal-de-salamanca-ate-vitarte-1-dormitorio-148635089?n_src=Listado&n_pills=%C3%81rea+de+lavander%C3%ADa&n_pg=1&n_pos=2|2026-02-01
urbania|departamentos|alquiler|Lima Este|Ate Vitarte|"Saucos Cdra 3 , Salamanca - ATE
Ate Vitarte, Lima"|S/ 1,900|1900|||180|"70 m² tot.
2 dorm.
1 baño"|70|2|||Vendo O alquilo departamento en salamancadepartamento de 70m2, ubicado en 5to. Piso con ascensor. Edificio de 14 departamento en total. Consta de sala comedor, cocina cerrada amoblada con campana extractora y reposteros altos y bajos, área de lavandería. Un dormitorio principal con closet empotrado (espacio para cama queen), 1 dormitorio secundario con closet empotrado (espacio para cama queen), 1 baño que se comparte con ambos cuartos y visitas. Ubicación: Cerca de parques, colegios, supermercados (Plaza vea), centros comerciales (Jockey Plaza, Rambla San Borja) vía principales (circunvalación, Canadá, Javier Prado). no mascotas Precio: 1900 solesMantenimiento: 180 soles aproximadamenteCondiciones: 2x1 (2 meses de garantía por 1 adelantado) Disponible desde el 20 de febrero 2026estar al 100% en centrales de riesgo|https://urbania.pe/inmueble/clasificado/alclapin-alquiler-de-departamento-en-ate-vitarte-lima-2-dormitorios-148756801?n_src=Listado&n_pills=Seguridad&n_pg=1&n_pos=3|2026-02-01
urbania|departamentos|alquiler|Lima Este|Ate Vitarte|"Calle Helsinki 8646
Ate Vitarte, Lima"|S/ 1,400|1400|||1|"65 m² tot.
1 dorm.
1 baño"|65|1|||Alquilo amplio Departamento moderno de 1 dormitorio frente al centro comercial Real Plaza Puruchuco. Departamento ubicado en 4. º piso, con vista a la calle y a Puruchuco, que destaca por su amplitud, buena distribución y acabados modernos. Dispone de una sala amplia y bien iluminada, ideal para un ambiente cómodo y funcional. La cocina de tamaño mediano cuenta con reposteros bajos, pensada para un uso práctico. El dormitorio principal es muy espacioso, con excelente iluminación natural y vista a la calle. Incluye mueble empotrado para tv y un walking clóset amplio, equipado con zapateras, cajoneras y espacios ideales para organizar ropa, vestidos, joyas y accesorios personales. El baño moderno y sofisticado cuenta con lavatorio de mármol, iluminación natural, terma eléctrica y un diseño cómodo y elegante. Condiciones del alquiler: - Precio: S/ 1, 400 mensuales. - Luz: consumo independiente. - Agua: S/ 25 por persona. Condicion: 2 x 1. No mascotas. No extranjeros. Excelente opción para quienes buscan confort, estilo y buena ubicación. Contacto luis de la cruz. 9. 6. 6. 3. 8. 2. 1. 6. 4.|https://urbania.pe/inmueble/clasificado/alclapin-alquiler-de-departamento-en-ate-vitarte-lima-1-dormitorio-148706869?n_src=Listado&n_pg=1&n_pos=4|2026-02-01
urbania|departamentos|alquiler|Lima Este|Ate Vitarte|"Calle Badajoz
Mayorazgo, Ate Vitarte"|S/ 2,200 · USD 650|2200|650|||"90 m² tot.
3 dorm.
2 baños
1 estac."|90|3|2|1|Departamento nuevo: Excelente Departamento con ambientes completamente iluminados, vista externa con 2 frentes, super moderno, vista a la calle, todos los cuartos tienen closet, el ambiente de la cocina viene completamente amoblada con cocina, campana y reposteros modernos, todos los pisos son de porcelanato claro y cada departamento tiene su cochera automática propia. El cuarto principal es una suit amplia y completa ya que tiene su baño propio y 2 closets, una para ropa normal y otra de ropas blancas. Departamento con ascensor amplio. Zona muy Segura, cercada y con Seguridad las 24 horas del día y cámaras de Seguridad instaladas en los departamentos. Teléfono de contacto: 9. 5. 2. 3. 7. 1. 9. 4. 3. Referencia: Universidad Pre de Lima|https://urbania.pe/inmueble/clasificado/alclapin-alquiler-de-departamento-en-mayorazgo-ate-vitarte-3-dormitorios-143506289?n_src=Listado&n_pills=Ascensor&n_pg=1&n_pos=5|2026-02-01
urbania|departamentos|alquiler|Lima Este|Ate Vitarte|"Calle Nevado de Huandoy
Ate Vitarte, Lima"|S/ 1,600 · USD 457|1600|457|||"60 m² tot.
2 dorm.
2 baños"|60|2|2||Alquiler de Departamento en Residencial Alpamayo – Zona Segura y Tranquila. Ubicación privilegiada: La Residencial Alpamayo cuenta con dos ingresos: Puerta 1: Recta del Colegio Alpamayo, entrando por el óvalo de frente. Puerta 3: Acceso por la Esplanada del Monumental. Características principales: Área: 60 m² Piso: 2do piso (solo 2 departamentos por piso) Medidor de luz y contómetro independiente. Distribución: Sala – Comedor. Kitchenet. 2 dormitorios. 1 baño completo. 1 baño de visita. Lavandería en el departamento. Tendal en azotea. Condiciones: Alquiler: S/ 1, 600. No se aceptan mascotas. Requisitos: 2 meses de garantía + 1 mes de adelanto. Estar bien en Infocorp. Sustento de ingresos. Contrato mínimo de 1 año. Contacto: Patricia Chuquín 9. 9. 3. 9. 4. 9. 4. 3. 1|https://urbania.pe/inmueble/clasificado/alclapin-alquiler-de-departamento-en-ate-vitarte-lima-2-dormitorios-147723597?n_src=Listado&n_pills=%C3%81rea+de+lavander%C3%ADa&n_pg=1&n_pos=6|2026-02-01
urbania|departamentos|alquiler|Lima Este|Ate Vitarte|"Calle LAS Fresas al 200
Ceres, Ate Vitarte"|S/ 2,000|2000||||"62 m² tot.
2 dorm.
1 baño"|62|2|||"Inversión – oferta insuperable | departamento de estreno en ate A S/ 240, 000 soles – Urb. Ceres | 4to y 5to piso | Vista externa | Frente a parquepaga impuesto de alcabalasi buscas seguridad, buena distribución y una vista privilegiada, este depa es para ti. Vive con la tranquilidad de estar en zona enrejada, con cámaras y intercomunicador, además de acabados modernos y ambientes súper iluminados. fotos son referenciales, el proyecto se encuentra en acabados, puedes agendar visita! Características destacadas: area: 62m2 Sala amplia con balcón y vista al Parque Fresón2 dormitorios amplios1 baño con mesada de mármolCocina tipo americana con muebles y mesada de granitoAgua fría y calientePiso de mayólica de alto tránsitoVista externa (más luz y ventilación) no cuenta con ascensor no cuenta con cochera! Seguridad y control: Zona enrejada (más tranquilidad y acceso controlado) Cámaras de vigilanciaIntercomunicadorAhorro y comodidad: Medidor independiente (pagas lo que consumes) Tendal en el 7mo pisoTerraza (ideal para disfrutar al aire libre) Referencia: cerca a la carnicería El Chuletón – Urb. Ceres, Ate ¡confianza total! Ubícanos en nuestra página web oficina Centro empresarial Link Tower – Manuel Olguin 335- Oficina 1203 - Urb los Granados - Santiago de Surco"|https://urbania.pe/inmueble/clasificado/alclapin-alquiler-de-departamento-en-ceres-ate-vitarte-2-dormitorios-148488785?n_src=Listado&n_pg=1&n_pos=7|2026-02-01
urbania|departamentos|alquiler|Lima Este|Ate Vitarte|"Calle 3, 167 - El Rosal de Salamanca
Ate Vitarte, Lima"|S/ 1,700 · USD 520|1700|520|||"70 m² tot.
2 dorm.
1 baño"|70|2|||Se alquila departamento en Salamanca, a pasos del jockey plaza de Surco, Av. Javier Prado, Camacho y a minutos del distrito de La Molina. Lugar seguro y céntricoCaracterísticas70m22 dormitorios1 baño completococina estilo americano con tablero de granitosala y comedor que conecta con un balcónvista externaAdicional: Piso 2Seguridad 24/7AscensorÁrea social en el primer nivelCondiciones: 2 de garantía, 1 de adelantoSustentar con últimas 3 boletas¡No dudes en agendar una visita en esta propiedad en alquiler!|https://urbania.pe/inmueble/clasificado/alclapin-alquiler-de-departamento-en-ate-vitarte-lima-2-dormitorios-148670371?n_src=Listado&n_pills=Seguridad&n_pg=1&n_pos=8|2026-02-01
urbania|departamentos|alquiler|Lima Este|Ate Vitarte|"av. Paracas Cuadra 9 con Cruce de Calle Abetos
Ate Vitarte, Lima"|S/ 550 · USD 149|550|149|||"20 m² tot.
1 dorm.
1 baño"|20|1|||Habitacion para una sola persona -se encuentra en zona centrica de salamanca, cuenta con area de cocina Y lanvanderia comun, camaras de seguridad-monitoriando las 24H, muy cerca A las av. principales via evitamiento Y javier prado, A 5 minutos del jockey plaza. -incluye en el precio la luz, agua, mantenimiento Y wifi. -no se aceptan mascotas-1 mes de garantia Y 1 mes de adelanto T. C. 3. 50Tipo de cambio referencial, sujeto a variación diaria por fluctuación del mercado|https://urbania.pe/inmueble/clasificado/alclapin-alquiler-de-departamento-en-ate-vitarte-lima-1-dormitorio-146305570?n_src=Listado&n_pg=1&n_pos=9|2026-02-01
urbania|departamentos|alquiler|Lima Este|Ate Vitarte|"Calle Valladolid 295
Mayorazgo, Ate Vitarte"|S/ 2,100|2100||||"100 m² tot.
3 dorm.
2 baños
1 estac."|100|3|2|1|Contacto: 9. 5. 2. 4. 8. 6. 2. 4. 0. Alquilo Dpto a unas cuadras de la cepre de la de lima. ubicado piso 3 Sin ascensorCochera opcional 3 amplios dormitorios con closet2 baños completos Lavanderia independienteCocina semintegradaNo se permiten mascotasDpto iluminado con vista exterior todas las habitaciones con ventanaContacto: 9. 5. 2. 4. 8. 6. 2. 4. 0.|https://urbania.pe/inmueble/clasificado/alclapin-alquiler-de-departamento-en-mayorazgo-ate-vitarte-3-dormitorios-148809637?n_src=Listado&n_pills=%C3%81rea+de+lavander%C3%ADa&n_pg=1&n_pos=10|2026-02-01
urbania|departamentos|alquiler|Lima Este|Ate Vitarte|"Londres 124 al 100
Ate Vitarte, Lima"|S/ 1,600|1600||||"95 m² tot.
2 dorm.
2 baños"|95|2|2||Contacto: doris guevaracel: 9*6*6*6*5*6*5*9*9A pasos del Centro Comercial PuruchucoArea Construida 94. 20 m2 4to piso 2 dormitorios2 baños? Ubicado en 4to piso, con escaleras cómodas y descansadas. Este departamento ofrece ambientes funcionales, ventilación e iluminación natural acceso inmediato a avenidas principales como Nicolás Ayllón, Carretera Central, Londres, C. 12Estarás cerca de centros Comercial Puruchuco, Metro, Educativos, Plaza Josfel, Corte Superior de Justicia Lima Este, Hipermercado Cerámico, Grifo Primaxcaracteristicas- Área total: 94. 20 m²- Sala - comedor amplia. - Cocina kitchenette por implementar. - 2 dormitorios. - Área de lavandería por implementar. - Área de tendal en la azotea. - Modalidad: 2 x 1- Contrato mínimo: 1 año ¡Una oportunidad única para alquilar un departamento con vista externa, bien distribuido y con ubicación comercial estratégica!.? Contactanos para mas informacion y agenda tu visita hoy mismocontacto: doris guevaracel: 9*6*6*6*5*6*5*9*9id: 1*1*6*7*9*5*5|https://urbania.pe/inmueble/clasificado/alclapin-alquiler-de-departamento-en-ate-vitarte-lima-2-dormitorios-148617421?n_src=Listado&n_pills=%C3%81rea+de+lavander%C3%ADa&n_pg=1&n_pos=11|2026-02-01
urbania|departamentos|alquiler|Lima Este|Ate Vitarte|"Av Circunvalacion Salamanca
Ate Vitarte, Lima"|S/ 2,000 · USD 125,000|2000|125000||330|"63 m² tot.
2 dorm.
2 baños"|63|2|2||Alquiler o Venta de acogedor dpto. Cuenta con muy buena distribución y acabados. Áreas comunes para propietarios: Terraza con parrilla, área de Gimnasio, estacionamiento para bicicletas. A 5 minutos del Jockey Plaza, cerca a colegios, universidades, bancos, clínicas, etc. Cocina integrada a sala comedor tipo kitchenette equipada. Área de estacionamientos para bicicletas. Vidrios de Fachada con aislamiento Acústico. Cerca a avenidas principales, colegios, universidades y cc Comerciales importantes. Frente a la facultad de medicina veterinaria de unmsm. Descripción: Departamento N*203. Área 63. 00m2.. _Por el frente colinda con la avenida circunvalación cruce con Javier prado.. -La entrada al edifico es las calles las fucsias 108.. -Sala y comedor. -1habitacion principal grande closet y con baño completo.. -2 habitación pequeña con closett.. -Baño de visitas completo.. -Cocina kitchenette amoblada reposteros altos y bajos de melamine tablero de granito.. -Refrigeradora.. -1 lavandería.. -Patio aires libre.. -Balcón vista a la calle. Mantenimiento. S/. 380. 00. Precio Venta. us$ 125, 000. 00. Ubicación. Av. Circunvalación 2935. Salamanca. *Las medidas del anuncio son referenciales*|https://urbania.pe/inmueble/clasificado/veclapin-venta-de-departamento-en-ate-vitarte-lima-2-dormitorios-146311986?n_src=Listado&n_pills=Ascensor&n_pg=1&n_pos=12|2026-02-01
urbania|departamentos|alquiler|Lima Este|Ate Vitarte|"Asoc. El Olivar Mz J Lt 14
Ate Vitarte, Lima"|S/ 1,000|1000|||30|"70 m² tot.
3 dorm.
1 baño"|70|3|||Contacto: 9*4*3*7*7*6*6*2*8* laura risco-agente inmobiliariaalquiler de departamento de 3 hab en tercer piso A pocas cuadras de ctra. Central (altura idat sede ate) Y el complejo deportivo ollantaytambo – ate¿Estás buscando el departamento con la mejor ubicación? ¡Tenemos la solución perfecta para ti! ubicación: - Asoc. El Olivar de Vitarte Mz J Lt 14- Colindante con Calle El Trabajo-A 3 cuadras de Senasa – Sede Ate-A 1 cuadra del parque Primero de Enerodistribución: -3 habitaciones- Sala comedor-Cocina-Lavandería -1 baño-Tendal en azoteacaracterísticas: -Tercer piso-Vista interna-Acceso con escaleras-No tiene estacionamiento -No tiene gas Caliddaprecio: -Renta: S/. 1, 000 soles-Mantenimiento: S/. 30 soles- Luz: Según consumo. - Agua: Según prorrateo. -Arbitrios: S/. 16 solescondiciones: -Dos meses de garantía y 1 mes de adelanto (2x1) -Contrato anual-No estar reportado en Infocorp-Sustento de ingresos de los 3 últimos meses-Antecedentes penalescontacto: 9*4*3*7*7*6*6*2*8* laura risco-agente inmobiliaria|https://urbania.pe/inmueble/clasificado/alclapin-alquiler-de-departamento-en-ate-vitarte-lima-3-dormitorios-147248754?n_src=Listado&n_pills=%C3%81rea+de+lavander%C3%ADa&n_pg=1&n_pos=13|2026-02-01
urbania|departamentos|alquiler|Lima Este|Ate Vitarte|"ATE
Ate Vitarte, Lima"|S/ 1,000 · USD 282|1000|282|||"40 m² tot.
1 dorm.
1 baño"|40|1|||"Minidepartamento funcional en zona tranquila cerca al reconocido parque de las leyendas | ate¡Vive con tranquilidad en un espacio acogedor, funcional y bien ubicado, ideal para ti! Comodidad y funcionalidad en un espacio acogedor, ideal para quienes buscan independencia y buena ubicación. Vive cerca de todo lo que necesitas, con acceso rápido a servicios, transporte y comercios. ¡Esta es tu oportunidad de mudarte a tu propio espacio! ubicacion estrategica: Ate | LimaCerca a la Av. Simón Bolívar | Av. Nicolás Ayllón | Av. San MartínA pocos minutos de la Universidad Científica del Sur | utp | ZegelCerca a minimarkets, bodegas y restaurantesPróximo al Real Plaza Santa Clara | Metro | PromartDentro de edificio pequeñodescripcion de tu futuro minidepartamento: Área: 40 m²1 Habitación | 1 bañoPiso 1Buena iluminación y luz naturalPiso de cerámico en sala, cocina y habitaciónAgua y luz independienteEntrada independientedistribucion pensada para ti: Sala comedor cómoda y funcionalCocina estilo kitchenetteHabitación principal con baño completoprecio Y condiciones: Renta mensual: S/1, 000Documentos en regla2 meses de garantía y 1 mes de adelantoSe requiere sustento de ingresos y no tener reporte negativo en Infocorp¿Para quién es este minidepartamento? Este espacio es ideal para: Estudiantes que buscan independencia y cercanía a universidades. Jóvenes profesionales que valoran una ubicación estratégica, accesibilidad al transporte y todos los servicios al alcance. Parejas jóvenes que están empezando juntos y buscan un lugar cómodo, seguro y funcional. Personas solas o adultas mayores que prefieren vivir en un espacio práctico, en una zona tranquila y bien conectada. ¿Eres tú? ¡Este minidepartamento está esperando por ti! ¡Ven y conoce tu próximo hogar, ideal para ti! R. U. C Ver datos"|https://urbania.pe/inmueble/clasificado/alclapin-alquiler-de-departamento-en-ate-vitarte-lima-1-dormitorio-148180841?n_src=Listado&n_pg=1&n_pos=14|2026-02-01
urbania|departamentos|alquiler|Lima Este|Ate Vitarte|"Begonias ate
Ate Vitarte, Lima"|S/ 1,300 · USD 388|1300|388||50|"55 m² tot.
1 dorm.
1 baño"|55|1|||Dali Tafur 9-6-0-9-6-6-7-3-1 Departamento de Estreno en Ate Vitarte – Estilo Americano Se alquila moderno departamento de 55 m², estilo americano, ubicado en el 4to piso, a pocos pasos de la Plaza de Ate, en una zona muy tranquila, segura y privada. Sala – cocina – comedor integrados Área de lavandería Opción de adaptar 1 o 2 dormitorios según necesidad Solo 2 departamentos por piso Disponibles con vista interior o vista exterior Entrada independiente Escaleras descansadas Área compartida de lavandería o tendal Departamento de estreno? Alquiler: S/ 1, 300? Incluye servicios? Excelente ubicación: cerca a comercios, transporte y todo lo que necesitas, sin perder privacidad y tranquilidad.? No se aceptan mascotas? Requisitos: sustento de ingresos y buen reporte en central de riesgos? Contáctanos y agenda tu visita hoy mismo|https://urbania.pe/inmueble/clasificado/alclapin-alquiler-de-departamento-en-ate-vitarte-lima-1-dormitorio-148514332?n_src=Listado&n_pills=%C3%81rea+de+lavander%C3%ADa&n_pg=1&n_pos=15|2026-02-01
urbania|departamentos|alquiler|Lima Este|Ate Vitarte|"Calle los Mojaves 283
Ate Vitarte, Lima"|S/ 1,500|1500|||100|"50 m² tot.
2 dorm.
1 baño"|50|2|||Descubre la combinación perfecta de comodidad, ubicación y estilo en este moderno departamento amoblado, ideal para quienes buscan un hogar acogedor en una zona estratégica de Lima. Situado en la calle Majoved, en el distrito de Salamanca, este departamento ofrece una excelente conectividad con las principales vías de la ciudad, como la Avenida Javier Prado, la Carretera Central y la Vía Evitamiento, facilitando el acceso a cualquier punto de Lima. Además, vivir en Salamanca te permite disfrutar de una amplia oferta comercial, educativa y recreativa. A pocos minutos encontrarás centros comerciales como el jockey plaza, supermercados, bancos, restaurantes, colegios y parques, brindándote todo lo que necesitas a tu alcance. Distribución: - sala comedor equipado con muebles Y comedor para 4 personas. - cocina abierta con muebles altos Y bajos Y cocina empotrada. - 02 dormitorios con camas. - 01 baño. - departamento en piso 8. - ascensor. - precio: S/1, 500. - medidas: 50 M² - mantenimiento: S/100. Si buscas un espacio moderno, bien ubicado y con acceso a todo lo que necesitas, este departamento es ideal para ti. ¡Agenda una visita hoy mismo!|https://urbania.pe/inmueble/clasificado/alclapin-alquiler-de-departamento-en-ate-vitarte-lima-2-dormitorios-148721420?n_src=Listado&n_pills=Ascensor&n_pg=1&n_pos=16|2026-02-01
urbania|departamentos|alquiler|Lima Este|Ate Vitarte|"Calle Guipúzcoa 140
Mayorazgo Etapa Iv, Ate Vitarte"|S/ 1,899|1899||||"100 m² tot.
3 dorm.
3 baños
1 estac."|100|3|3|1|Ventajas del departamento 201. - 1 Sala comedor grande con cerámicos. - 1 cocina con muebles altos y bajo de Madera, y mesa de granito. - 3 dormitorios con parque con baño en el principal. - 3 baños. -Therma electrica. -Intercomunicador. - Medidor de luz independiente de luz del sur. - Renta negociable sujeto a rentas adelantadas o incremento en garantía. - El estacionamiento se renta por separado. Condiciones. - (2X1) 2 meses de garantía por 1 mes adelantado. - El precio alquiler no incluye servicios ni arbitrios.|https://urbania.pe/inmueble/clasificado/alclappa-alquiler-de-departamento-en-mayorazgo-etapa-iv-ate-vitarte-3-dormitorios-63002010?n_src=Listado&n_pills=Cerca+a+colegios&n_pg=1&n_pos=17|2026-02-01
urbania|departamentos|alquiler|Lima Este|Ate Vitarte|"Calle Los Algarrobos 186 departamento A 202
Salamanca De Monterrico, Ate Vitarte"|S/ 1,350|1350|||80|"65 m² tot.
1 dorm.
1 baño"|65|1|||Departamento segundo piso. A dos cuadras de los paraderos Plaza vea y Canadá, del mercado y a 5 minutos de Jockey Plaza. Contiene: -Un amplio dormitorio con closet. -Un baño completo con agua caliente. -Cocina con reposteros altos y bajos. -Sala comedor. -Lavandería. -Patio. No posee cochera. Alquiler S/ 1350. Garantia S/ 1900. Mantenimiento S/ 80. Arbítrios S/ 18. Agua y luz con medidores independientes.|https://urbania.pe/inmueble/clasificado/alclappa-alquiler-de-departamento-en-salamanca-de-monterrico-ate-vitarte-1-dormitorio-142755653?n_src=Listado&n_pills=%C3%81rea+de+lavander%C3%ADa&n_pg=1&n_pos=18|2026-02-01
urbania|departamentos|alquiler|Lima Este|Ate Vitarte|"De la Unión 303
27 De Abril, Ate Vitarte"|S/ 2,650 · USD 728|2650|728||150|"160 m² tot.
3 dorm.
1 baño"|160|3|||Se alquila departamento triplex remodelado (en tercer, cuarto y quinto nivel) en el distrito de Ate Vitarte (cerca al óvalo Santa Anita). Área: 160 m2. primer nivel: Sala Comedor. Cocina amplia (con reposteros altos y bajos) Baño de visitas. segundo nivel: Un dormitorio principal amplio. Dos dormitorios secundarios. Un baño completo para compartir. tercer nivel: Azotea con depósito y área lavandería y tendales. mensualidad: 2650 soles (modalidad 2x1) Incluye 150 soles de mantenimiento (limpieza y luz de áreas comunes). Datos adicionales: El departamento cuenta con gas natural. Los consumos de agua y luz del departamento son pagados por el inquilino. Sí se aceptan mascotas. El edificio se ubica cerca al ovalo Santa Anita, mercado, centros comerciales y a 3 cuadras del Metro.|https://urbania.pe/inmueble/clasificado/alclapin-alquiler-de-departamento-en-27-de-abril-ate-vitarte-3-dormitorios-146077400?n_src=Listado&n_pills=%C3%81rea+de+lavander%C3%ADa&n_pg=1&n_pos=19|2026-02-01
urbania|departamentos|alquiler|Lima Este|Ate Vitarte|"Av. 26 de Mayo Ate
Ate Vitarte, Lima"|S/ 1,150|1150|||80|"57 m² tot.
2 dorm."|57|2|||Ubicado en Condominio Torres de ate. en 1er piso. Distribución: Sala Comedor. Cocina amoblada con muebles altos y bajos. Lavanderia con Therma y espacio para colgar. 2 Habitaciones amobladas. Área de estudio amoblada. 1 baño completo y moderno. Ya cuenta con Calidda. Alquiler solo departamento S/1, 150 soles. 1x1. Cochera por S/ 150 soles adicionales. Requisitos de alquiler. **Es una renta y una garantía: **El contrato es notariado. **Cada parte paga su firma que es entre 30 y 40 soles depende de la notaría. **Sustento de Ingresos. **No estar reportado en infocorp. ** no se aceptan mascotas**|https://urbania.pe/inmueble/clasificado/alclapin-alquiler-de-departamento-en-ate-vitarte-lima-2-dormitorios-144965162?n_src=Listado&n_pills=Guardian%C3%ADa%2FSeguridad+privada&n_pg=1&n_pos=20|2026-02-01
urbania|departamentos|alquiler|Lima Este|Ate Vitarte|"Gibson 109
Ate Vitarte, Lima"|S/ 650 · USD 185|650|185|||"18 m² tot.
1 dorm.
1 baño"|18|1|||Se alquila habitación para universitarios o trabajador de la zona, zona céntrica y muy cerca de av. Principales como vía. Evitamiento y la Javier prado. La casa cuenta con un ingreso totalmente independiente y cámaras de seguridad en el ingreso y areas comunes. Condiciones: -1 año de contrato-1 de garantía mas 1 mes de adelanto-Sustento de ingresos mas infocorpT. C. 3. 50Tipo de cambio referencial, sujeto a variación diaria por fluctuación del mercado|https://urbania.pe/inmueble/clasificado/alclapin-alquiler-de-departamento-en-ate-vitarte-lima-1-dormitorio-148041694?n_src=Listado&n_pg=1&n_pos=21|2026-02-01
urbania|departamentos|alquiler|Lima Este|Ate Vitarte|"Isacc Newton
Salamanca De Monterrico, Ate Vitarte"|S/ 3,034 · USD 850|3034|850|||"160 m² tot.
3 dorm.
2 baños"|160|3|2||¡Descubre tu próximo hogar u oficina en Ate, Lima! Ubicación estratégica: Isaac Newton, límite con Grumete. Disfruta de la comodidad y tranquilidad en una de las zonas más accesibles y al mismo tiempo dinámicas de Ate, rodeada de actividad comercial e industrial, ideal tanto para vivienda como para oficina. Departamento Dúplex Espacioso: Con un área construida de 160. 00 m², este inmueble ofrece el espacio perfecto para tu familia o para implementar oficinas gracias a su ubicación estratégica. Habitaciones: 3 ambientes acogedores que pueden adaptarse como dormitorios u oficinas privadas. Baños: 2 baños completos, funcionales para la rutina diaria de tu hogar o de tu equipo de trabajo. No aceptamos mascotas. Antigüedad: 10 años de construcción, bien mantenido, garantizando un ambiente fresco y acogedor. Mantenimiento y diseño: Ubicado en un edificio de solo 4 pisos, que asegura un ambiente íntimo y exclusivo. Amplio balcón: Perfecto para relajarse y disfrutar de lindos atardeceres. Cercanía a servicios: Centros comerciales, colegios, parques y principales vías de acceso, sumado al dinamismo de la zona industrial y comercial de Ate. Condiciones de alquiler: 2 meses de garantía. 1 mes de adelanto. Contrato mínimo de 1 año. Sustento de ingresos|https://urbania.pe/inmueble/clasificado/alclapin-alquiler-de-departamento-en-salamanca-de-monterrico-ate-vitarte-3-dormitorios-147198496?n_src=Listado&n_pills=%C3%81rea+de+lavander%C3%ADa&n_pg=1&n_pos=22|2026-02-01
urbania|departamentos|alquiler|Lima Este|Ate Vitarte|"Calle Montaña de Asturias
San Francisco De Ate, Ate Vitarte"|S/ 800|800|||100|"35 m² tot.
1 baño"|35||||Lindo Minidepartamento de 35m2, con un espacio amplio y vistas hacia jardines que puede servir para vivienda o para actividad de oficina administrativa dentro de un edificio multifamiliar en una zona tranquila y segura con amplias áreas verdes.|https://urbania.pe/inmueble/clasificado/alclappa-alquiler-de-departamento-en-san-francisco-de-ate-ate-vitarte-148619196?n_src=Listado&n_pg=1&n_pos=23|2026-02-01
urbania|departamentos|alquiler|Lima Este|Ate Vitarte|"De la Unión 303
27 De Abril, Ate Vitarte"|S/ 1,300 · USD 358|1300|358||100|"60 m² tot.
1 dorm.
1 baño"|60|1|||Se alquila mini departamento en tercer piso de edificio ubicado en el distrito de Ate Vitarte (cerca al óvalo Santa Anita). Área: 60 m2. Sala comedor. Cocina con reposteros altos y bajos. Un dormitorio. Un baño completo. mensualidad: 1300 soles (modalidad 2x1) Incluye 100 soles de mantenimiento (limpieza y luz de áreas comunes). Datos adicionales: El departamento cuenta con gas natural. Los consumos de agua y luz del departamento son pagados por el inquilino. Sí se aceptan mascotas. El edificio se ubica cerca al ovalo Santa Anita, mercado, centros comerciales y a 3 cuadras del Metro.|https://urbania.pe/inmueble/clasificado/alclapin-alquiler-de-departamento-en-27-de-abril-ate-vitarte-1-dormitorio-146077557?n_src=Listado&n_pg=1&n_pos=24|2026-02-01
urbania|departamentos|alquiler|Lima Este|Ate Vitarte|"Urbanización Olimpo Calle Eolo
Ate Vitarte, Lima"|S/ 2,000|2000||||"70 m² tot.
2 dorm.
2 baños"|70|2|2||Se alquila departamento remodelado en la exclusiva urbanización Olimpo, calle Eolo, frente a Parque Zeus, altura de la cuadra 12 de la avenida Los Quechuas. Ubicado en una zona segura y enrejada, a 1/2 cuadra del prestigioso colegio Toribio Uzuriaga y a 5 minutos del Jockey Plaza y de la Universidad de Lima. - Ubicación: 5to piso, sin ascensorCaracterísticas: - Área: 70m2- Descripción: - Sala comedor con balcón y vista al Parque Zeus- Cocina cerrada amplia con reposteros altos y bajos, y mesada de cuarzo- 2 habitaciones: la principal con baño, closet y vista al Parque Zeus; la secundaria con doble vista al Parque Zeus y closet- 1 baño de visitas- Lavandería- Merced Conductiva: S/ 2, 000 mensuales- Modalidad: 2x1 (2 meses de garantía, 1 mes de adelanto) no cuenta con ascensor ni cochera no se acepta mascota Ideal para: Estudiantes, profesionales y parejas jóvenes que buscan un lugar seguro y céntrico en Ate. ¡No te pierdas esta oportunidad!|https://urbania.pe/inmueble/clasificado/alclapin-alquiler-de-departamento-en-ate-vitarte-lima-2-dormitorios-148735536?n_src=Listado&n_pills=%C3%81rea+de+lavander%C3%ADa&n_pg=1&n_pos=25|2026-02-01
urbania|departamentos|alquiler|Lima Este|Ate Vitarte|"Calle monte blanco Mz.O Lt 32
Portales De J.prado, Ate Vitarte"|S/ 1,800 · USD 529|1800|529||100|"90 m² tot.
2 dorm.
2 baños"|90|2|2||Ate cerca del colegio Alpamayo. La urbanización Alpamayo es muy segura tiene entrada por detrás del colegio Alpamayo y hay otra puerta por la explanada del estadio de U. Se alquila o se vende. 2 dorm 2 baños, sala comedor con vista a parque, con balcón, con piso de fina madera. En edificio de 5 pisos sin ascensor. 1 dpto x piso, el dpto esta en 5o piso. Sin cochera. oportunidad! Venta $85, 000 negociable. Alquiler $1, 800. mayores informes 9. 5. 2. 0. 1. 8. 5. 8. 2|https://urbania.pe/inmueble/clasificado/alclapin-alquiler-de-departamento-en-portales-de-jprado-ate-vitarte-2-dormitorios-65619144?n_src=Listado&n_pills=Cerca+a+colegios&n_pg=1&n_pos=26|2026-02-01
urbania|departamentos|alquiler|Lima Este|Chaclacayo|"Condominio Golf LOS Andes - Ñaña
Ñaña, Chaclacayo"|S/ 720 · USD 205|720|205|||"58 m² tot.
3 dorm.
2 baños"|58|3|2||Se alquila departamento en el condominio golf los andes (ñaña) Zona segura, condominio privado rodeado de areas verdes altura de la av. Priale Cuenta de 3 dormitorios 2 baños completos sala/comedor, cocina y lavandería. T. C. 3. 50Tipo de cambio referencial, sujeto a variación diaria por fluctuación del mercado|https://urbania.pe/inmueble/clasificado/alclapin-alquiler-de-departamento-en-nana-chaclacayo-3-dormitorios-148041794?n_src=Listado&n_pills=%C3%81rea+de+lavander%C3%ADa&n_pg=1&n_pos=1|2026-02-01
urbania|departamentos|alquiler|Lima Este|Chaclacayo|"Los Castaños 321
Chaclacayo, Lima"|S/ 1,100 · USD 314|1100|314|||"82 m² tot.
2 dorm.
1 baño"|82|2|||¡Vive la tranquilidad y el confort en Chaclacayo! Descubre tu próximo hogar en un acogedor departamento flat perfecto para parejas o familias pequeñas. Este espacio cuenta con una superficie construida de 82 m², diseñado en un solo nivel para tu máxima comodidadCaracterísticas del Departamento: -2 Habitaciones amplias y luminosas. -1 Baño completo para tus necesidades diarias. Sala-comedor con espacio suficiente para relajarte y disfrutar-Área de lavandería-Construcción moderna con solo 5 Años de antigüedad. -Cámaras de vigilanciaEste departamento representa la combinación perfecta de comodidad y accesibilidad, en una zona tranquila y segura de Chaclacayo. Aprovecha esta oportunidad para crear el hogar que siempre has deseado. Cerca al colegio Innova y a una cuadra y media de la Carretera Centralmodalidad-2 Meses de garantia-1 mes de adelanto¡Agenda tu visita y enamórate de tu nuevo hogar! T. C. 3. 50Tipo de cambio referencial, sujeto a variación diaria por fluctuación del mercado|https://urbania.pe/inmueble/clasificado/alclapin-alquiler-de-departamento-en-chaclacayo-lima-2-dormitorios-147512310?n_src=Listado&n_pills=%C3%81rea+de+lavander%C3%ADa&n_pg=1&n_pos=2|2026-02-01
urbania|departamentos|alquiler|Lima Este|Chaclacayo|"Condominio del Valle, Chaclacayo
Chaclacayo, Lima"|S/ 1,500 · USD 405|1500|405|||"83 m² tot.
3 dorm.
2 baños
1 estac."|83|3|2|1|Este precio departamento esta ubicado en el 4to pisoNo te puedes perder esta oportunidad de vivir en un condominio que esta a un paso a la carretera central, además cuenta con áreas verdes, áreas comunes como para realizar tus reuniones familiares donde gozaras de un salón amplio para tus eventos, área de parrillas, juego de mesa, MiniMarket super surtido de productos a buenos precios, área de juegos para niños y lo mas importante es que cuenta con vigilancia 24/7. la distribución del departamento es la siguiente: -Cocina abierta con muebles altos y bajos-(Con cocina, campana y refrigeradora) -Área de lavandería-Comedor con 6 sillas y una hermosa mesa-Sala con sillones y mueble de entretenimiento y televisor. -Área de oficina con muebles de escritorio-Baño completo-Área de escritorio-2 Habitaciones con camas y closet-1 Habitación principal con cama, televisor-1 Baño incorporado-Estacionamiento ampliomodalidad-2 meses de garantía-1 mes de adelantoSi deseas mas información, no dudes en comunicarte para concretar una cita. T. C. 3. 70Tipo de cambio referencial, sujeto a variación diaria por fluctuación del mercado|https://urbania.pe/inmueble/clasificado/alclapin-alquiler-de-departamento-en-chaclacayo-lima-3-dormitorios-147487714?n_src=Listado&n_pills=Seguridad&n_pg=1&n_pos=3|2026-02-01
urbania|departamentos|alquiler|Lima Este|Chaclacayo|"Miguel Grau
Chaclacayo, Chaclacayo"|S/ 750|750||||"45 m² tot.
2 dorm.
1 baño"|45|2|||Se alquila bonito departamento de 45 mts. (sin amoblar) en un segundo piso. Éste cuenta con amplias ventanas que permiten gran iluminación en todos los espacios. Además está ubicado a 5 minutos de la Carretera Central y rodeado de áreas verdes, cerca a tiendas, restaurantes y mercados. Es ideal para una o dos personas, sin mascotas. Los gastos de los servicios de luz y agua se pagan aparte, de acuerdo a su consumo. Llamar al teléf. : 9-6-9-3-4-0-1-2-5, a partir de las 9: 00 am. Requisitos: Documentos en regla y constancia o sustento de trabajo. Condiciones. - 1 mes de adelanto y 1 de garantía. La distribución del departamento: • 2 dormitorios. • Sala-comedor con cocina americana (incluye hornillas eléctricas) • 1 baño completo. • Tendedero en el último piso|https://urbania.pe/inmueble/clasificado/alclappa-alquiler-de-departamento-en-chaclacayo-chaclacayo-2-dormitorios-64994238?n_src=Listado&n_pills=Cerca+a+colegios&n_pg=1&n_pos=4|2026-02-01
urbania|departamentos|alquiler|Lima Este|Chosica Lurigancho|"Los Crisantemos 291, Lurigancho-chosica
Chosica (Lurigancho), Lima"|S/ 900 · USD 257|900|257|||"53 m² tot.
2 dorm.
1 baño"|53|2|||Este bonito departamento consta de: -Una sala y comedor con vista interna-Cocina con muebles altos y bajos y-Area de lavanderia-2 Habitaciones-1 Baño completoSi deseas vivir en un lugar tranquilo y cerca a la carretera central, entonces esta es una buena opción. condiciones de alquiler: -2 meses de garantía-1 mes de adelantoT. C. 3. 50Tipo de cambio referencial, sujeto a variación diaria por fluctuación del mercado|https://urbania.pe/inmueble/clasificado/alclapin-alquiler-de-departamento-en-chosica-lurigancho-lima-2-dormitorios-148065282?n_src=Listado&n_pills=%C3%81rea+de+lavander%C3%ADa&n_pg=1&n_pos=1|2026-02-01
urbania|departamentos|alquiler|Lima Este|Chosica Lurigancho|"Urb el Golf de Huampani Etapa 2
Chosica (Lurigancho), Lima"|S/ 900 · USD 257|900|257|||"65 m² tot.
2 dorm.
1 baño"|65|2|||Este departamento consta de: Sala - Comedor con vista externaCocina cerrada con mueble bajo2 Habitaciones1 Baño completoÁrea de oficinacondiciones de alquiler: 2 meses de garantía1 mes de adelantoT. C. 3. 50Tipo de cambio referencial, sujeto a variación diaria por fluctuación del mercado|https://urbania.pe/inmueble/clasificado/alclapin-alquiler-de-departamento-en-chosica-lurigancho-lima-2-dormitorios-148065417?n_src=Listado&n_pg=1&n_pos=2|2026-02-01
urbania|departamentos|alquiler|Lima Este|Santa Anita|"asociacion monterrey
Monterrey, Santa Anita"|S/ 750|750|||40|"45 m² tot.
1 dorm.
1 baño"|45|1|||Se alquila bonito Mini departamento en buen estado, Ideal para una o dos. No se aceptan mascotas. Metraja 45 m2. sala comedor. 1 Baño completo. Cocina. 1 Dormitorio, closet. Instalación para lavadora. La Luz tiene medidor propio (medidor a 0. 95 kw) El Agua se paga 40 soles mensuales. Arbitrios costo de 15 soles. Asociación Monterrey - Santa Anita. Alquiler: S/. 750 soles. Interesados contactar con Sandra Lucar al Ver datos|https://urbania.pe/inmueble/clasificado/alclapin-alquiler-de-departamento-en-monterrey-santa-anita-1-dormitorio-64363193?n_src=Listado&n_pills=Frente+a+parque&n_pg=1&n_pos=1|2026-02-01
urbania|departamentos|alquiler|Lima Este|Santa Anita|"Av. los Rosales 300
Santa Anita, Lima"|S/ 1,200|1200|||1|"65 m² tot.
2 dorm.
3 baños"|65|2|3||"Mini departamento en alquiler – 2 habitaciones | 2. º piso (vista interna) – Santa Anita. Funcional mini departamento ubicado en 2. º piso, con vista interna, ideal para quienes buscan comodidad y buena distribución. Cuenta con una sala–comedor amplia, con excelente iluminación natural, perfecta para un ambiente acogedor. La cocina tiene el tamaño adecuado para instalar cocina y lavadora, e incluye lavatorio, brindando practicidad en el día a día. Dispone de dos dormitorios cómodos: - Dormitorio principal con espacio para cama de 2 ½ hasta 3 plazas, con baño incorporado y ventilación natural. - Segundo dormitorio con capacidad para cama de plaza o plaza y media, también con baño incorporado. Además, cuenta con un baño completo independiente, ideal para visitas o uso adicional. Condiciones del alquiler. - Precio: S/ 1, 200 (ligeramente negociable) - Luz: consumo independiente. - Agua: S/ 25 por. persona. Condición 2 meses de garantía 1 de adelanto. No mascotas. No extranjeros. Ubicación privilegiada – Santa Anita. Ubicado en una zona estratégica de Santa Anita, a solo 2 minutos de la Plaza de Armas de Santa Anita. Se encuentra a 3–4 minutos caminando de la Av. Carretera Central, lo que garantiza excelente conectividad. A pocos pasos se ubica un mercado tradicional y muy conocido del distrito, así como un centro recreacional de la Municipalidad de Santa Anita. Además, se encuentra cerca de: - 5 minutos del Óvalo de Santa Anita. - 7–10 minutos de la Av. Javier Prado. - Universidades e institutos como upn y el Británico. - Centros comerciales como Mall Plaza Santa Anita. Excelente opción para parejas, familias pequeñas o estudiantes, que buscan buena ubicación, funcionalidad y precio competitivo. Luis de la cruz. *96. 6. 3. 8. 2. 1. 6. 4"|https://urbania.pe/inmueble/clasificado/alclapin-alquiler-de-departamento-en-santa-anita-lima-2-dormitorios-148706895?n_src=Listado&n_pills=Cerca+a+colegios&n_pg=1&n_pos=2|2026-02-01
urbania|departamentos|alquiler|Lima Este|Santa Anita|"15008, Santa Anita 15008, Perú
Santa Anita, Lima"|S/ 750 · USD 214|750|214|||"25 m² tot.
1 dorm.
1 baño"|25|1|||Buscas un lugar cómodo y seguro, en una zona céntrica de Santa Anita, a 3 cuadras del ovalo de Santa Anita, a 3 cuadras del campus de la usmp y a 10 minutos de la Javier Prado. Te ofrecemos cuartos-mini departamentos nuevos y de estreno en una ubicación preferencial. Están situados en una zona residencial frente a un parque, con acceso independiente1 dormitorio con baño incorporadoLavadero para cocinaLavandería compartida en el cuarto pisoLugar perfecto para personas solas o parejas sin hijos, estudiantes, que buscan un espacio tranquilo y ordenado. No se aceptan extranjeros. Aprovecha esta oportunidad para vivir en un entorno seguro y bien ubicado. Precio: S/750. 00No se aceptan mascotasMantenimiento: S/20Medidor de agua y luz independienteCuenta con vigilancia 24/7T. C. 3. 50Tipo de cambio referencial, sujeto a variación diaria por fluctuación del mercado|https://urbania.pe/inmueble/clasificado/alclapin-alquiler-de-departamento-en-santa-anita-lima-1-dormitorio-147934815?n_src=Listado&n_pills=%C3%81rea+de+lavander%C3%ADa&n_pg=1&n_pos=3|2026-02-01
urbania|departamentos|alquiler|Lima Este|Santa Anita|"Jr Pretel
Santa Anita, Santa Anita"|S/ 1,500|1500||||"62 m² tot.
2 dorm.
1 baño"|62|2|||Se alquila departamento en 3er piso vista exterior en calle Petrel Santa Anita, altura cuadra 6 de Av. Los Ruiseñores cerca a parques, Colegios, Universidad San Martin de Porres, a pocas cuadras del Ovalo Santa Anita, Urbanización con control de ingreso y salidas, consta de: Sala Comedor, Cocina cerrada con reposteros altos y bajos, 1 baño completo, 2 dormitorios, departamento bien iluminado y ventilado, tiene un patio independiente para tendal. Dentro del precio del alquiler incluye el consumo de agua y los arbitrios. Consumo de luz independiente. Condiciones 2x1 y contrato por 1 año. Se solicitaran sustento de ingresos. No se aceptan mascotas.|https://urbania.pe/inmueble/clasificado/alclapin-alquiler-de-departamento-en-santa-anita-santa-anita-2-dormitorios-147517799?n_src=Listado&n_pg=1&n_pos=4|2026-02-01
urbania|departamentos|alquiler|Lima Este|Santa Anita|"Las Vayas
Santa Anita, Lima"|S/ 1,190|1190|||99|"60 m² tot.
2 dorm.
1 baño"|60|2|||Alquiler de departamento en Santa Anita! 60m2, quinto piso. Ubicado en calle las Vayas, cerca del cruce entre las Av. Las Chancas y Huarochirí. La distribución consta de 2 dormitorios, 1 baño, sala comedor, cocina cerrada, zona de lavandería y tendal en la azotea. Mascota no permitida. Cochera no disponible. Solicita vídeo al interno. Condiciones del trato: -S/1, 200 (2x1) -Mantenimiento S/100 y otros servicios por consumo propio. -Contar con ingresos sustentados con boleta o reporte tributario. -No registrar deudas vencidas al menos el titular que firma. solo whatsapp. -kissy: Ver datos. -camila: Ver datos. -grover: Ver datos. broker en linea group|https://urbania.pe/inmueble/clasificado/alclapin-alquiler-de-departamento-en-santa-anita-lima-2-dormitorios-148613178?n_src=Listado&n_pills=%C3%81rea+de+lavander%C3%ADa&n_pg=1&n_pos=5|2026-02-01
urbania|departamentos|alquiler|Lima Este|Santa Anita|"Las Palomas 157, Santa Anita
Santa Anita, Lima"|S/ 1,500|1500||||"80 m² tot.
3 dorm.
3 baños"|80|3|3||Se alquila amplio y cómodo departamento ubicado en un condominio cerrado y seguro en el distrito de Santa Anita – Quinta Etapa, una de las zonas residenciales más tranquilas y ordenadas del sector. Agente: Roberto Ampuero: 982 # 031 # 160. Ubicación privilegiada: Único ingreso por Av. Ruiseñores – cuadra 6. Condominio enrejado y con vigilancia las 24/7. Entorno residencial, seguro y de fácil acceso. Características del departamento: Área total: 90 m² Ubicación: tercer piso. Edificio de solo 4 pisos (pocos vecinos, mayor tranquilidad) 3 habitaciones bien distribuidas e iluminadas. 2 baños completos. Sala amplia y bien iluminada. Cocina funcional con lavadero. Área de lavandería externa. Patio interior, ideal para ventilación y uso complementario. No se admiten mascotas. Precio de alquiler: S/ 1, 500 mensuales. Ideal para familias o personas que buscan seguridad, buena ubicación y comodidad en un entorno residencial consolidado. Agente: Roberto Ampuero: 982 # 031 # 160. Para mayor información o coordinar una visita, contáctanos.|https://urbania.pe/inmueble/clasificado/alclapin-alquiler-de-departamento-en-santa-anita-lima-3-dormitorios-148824321?n_src=Listado&n_pills=Seguridad&n_pg=1&n_pos=6|2026-02-01
urbania|departamentos|alquiler|Lima Este|Santa Anita|"LAS VAYAS
Santa Anita, Lima"|S/ 1,650|1650|||100|"100 m² tot.
3 dorm.
2 baños"|100|3|2||Alquiler de departamento en Santa Anita! 100m2, cuarto piso. Ubicado en calle las Vayas, cerca del cruce entre las Av. Las Chancas y Huarochirí. La distribución consta de 3 dormitorios, 2 baños, sala comedor, cocina cerrada, zona de lavandería y tendal en la azotea. Mascota no permitida. Cochera no disponible. Solicita vídeo al interno. Condiciones del trato: -S/1, 650 (2x1) cuarto piso. -Mantenimiento S/100 y otros servicios por consumo propio. -Contar con ingresos sustentados con boleta o reporte tributario. -No registrar deudas vencidas al menos el titular que firma. solo whatsapp. -kissy: Ver datos. -camila: Ver datos. -grover: Ver datos. broker en linea group|https://urbania.pe/inmueble/clasificado/alclapin-alquiler-de-departamento-en-santa-anita-lima-3-dormitorios-148346137?n_src=Listado&n_pills=%C3%81rea+de+lavander%C3%ADa&n_pg=1&n_pos=7|2026-02-01
urbania|departamentos|alquiler|Lima Este|Santa Anita|"Cam. Real 195
Universal, Santa Anita"|S/ 1,500|1500|||30|"83 m² tot.
2 dorm.
2 baños"|83|2|2||Urb: Cooperativa Universal. Area: 83 M2. Piso: 3er con vista al parque. Distribución. 3 Habitaciones amplias. 1 Sala comedor. 1 Una con muebles altos y bajos. 1 Sala de star o habitación pequeña. 2 Baños completos. Área de lavandería. Gas de cálidda. Terma. La habitación principal cuenta con baño completo. Precio: 1, 500 soles ligeramente negociables. Mantenimiento 30 soles. Los servicios de agua, luz y gas es aparte. Condiciones 1 mes de renta adelantada y 2 meses de garantía, contrato mínimo por un año. Ubicado en la misma Av. Camino real con Av. Santiago de Chuco, frente al parque el Trianguló, 4 minutos de la municipalidad de Santa Anita, cerca de colegios, centros comerciales y mas. Agenda tu visita al: 9-4-1-1-3-8-5-9-1. 9-4-4-2-7-3-0-5-9. lima house inmobiliaria|https://urbania.pe/inmueble/clasificado/alclapin-alquiler-de-departamento-en-universal-santa-anita-2-dormitorios-148690669?n_src=Listado&n_pills=%C3%81rea+de+lavander%C3%ADa&n_pg=1&n_pos=8|2026-02-01
urbania|departamentos|alquiler|Lima Este|Santa Anita|"Av. Francisco Bolognesi
Alto Los Ficus, Santa Anita"|S/ 950|950|||40|"50 m² tot.
1 dorm.
1 baño"|50|1|||Minidepartamento ubicado en plena avenida, con ventana mirada a la calle, ubicado en un 4to piso, entrada independiente, consta de 1 sala amplia, cocina amoblada altos y bajos, baño completo, dormitorio amplio. Llamar a 9. 8. 9. 2. 7. 8. 8. 6. 2. no mascotas. no niños menores de 10 años|https://urbania.pe/inmueble/clasificado/alclappa-alquiler-de-departamento-en-alto-los-ficus-santa-anita-1-dormitorio-146352561?n_src=Listado&n_pg=1&n_pos=9|2026-02-01
urbania|departamentos|alquiler|Lima Este|El Agustino|"Calle 18
El Agustino, Lima"|S/ 1,500 · USD 446|1500|446|||"89 m² tot.
3 dorm.
2 baños"|89|3|2||Características del departamento: Área: 89 m² 3 dormitorios, el principal con baño incorporado. 1 habitación adicional ideal como cuarto de servicio u oficina. 1 baño completo adicional. Cocina moderna de concepto abierto. Espacio para lavadora. Ubicado en tercer piso, con entrada totalmente independiente. Servicios: Luz independiente. Agua con contómetro. Precio de alquiler: S/ 1, 500. Condiciones: 2 meses de garantía + 1 mes de adelanto. Departamento de estreno, listo para mudarse. Urb. La Pradera 2° etapa El Agustino calle 18. Ideal para familias o profesionales que buscan comodidad, independencia.|https://urbania.pe/inmueble/clasificado/alclapin-alquiler-de-departamento-en-el-agustino-lima-3-dormitorios-148711618?n_src=Listado&n_pills=%C3%81rea+de+lavander%C3%ADa&n_pg=1&n_pos=1|2026-02-01
urbania|departamentos|alquiler|Lima Este|San Juan de Lurigancho|"Jr Apomayta
Zarate, San Juan de Lurigancho"|S/ 850|850||||"45 m² tot.
1 dorm.
1 baño"|45|1|||Ub. Zarate, alquilo bonito mini departamentos, icon ingreso independiente,, persona sola un dormitorio,, baño, cosina, ubicado en la, calle apomayta, altura cuadra. 10 de la Av gran Chimu y Cajamarquilla, a pocas cuadras de la estación Pirámide, cerca al. centro Comercial Mall Aventura, sodimac y otros. El precio es de mensuales, 2X1. no incluye servicio de luz ni agua. para informes contactarse al número Ver datos. Abstenerse extranjeros. No se aceptan mascotas. Presentar sustento de ingresos.|https://urbania.pe/inmueble/clasificado/alclapin-alquiler-de-departamento-en-zarate-san-juan-de-lurigancho-1-dormitorio-12432083?n_src=Listado&n_pills=%C3%81rea+de+lavander%C3%ADa&n_pg=1&n_pos=1|2026-02-01
urbania|departamentos|alquiler|Lima Este|San Juan de Lurigancho|"Ciudad Mariscal Cáceres
San Juan de Lurigancho, Lima"|S/ 1,100|1100||||"90 m² tot.
3 dorm.
2 baños"|90|3|2||Se alquila lindo departamento en Mariscal Cáceres, a unas cuadras de la estación Bayóvar. Cuenta con 03 dormitorios, 02 baños, una amplia cocina, pisos en cerámico, instalación de gas natural y un área independiente de lavandería en la azotea. Amplias vìas de acceso, cerca de C. Comercial, colegios, Clínicas y Hospitales. Transporte a cualquier zona de Lima. El precio incluye Luz y Agua.|https://urbania.pe/inmueble/clasificado/alclapin-alquiler-de-departamento-en-san-juan-de-lurigancho-lima-3-dormitorios-3909495?n_src=Listado&n_pills=Cerca+a+colegios&n_pg=1&n_pos=2|2026-02-01
urbania|departamentos|alquiler|Lima Este|San Juan de Lurigancho|"av Central
Bayovar, San Juan de Lurigancho"|S/ 1,100|1100||||"90 m² tot.
2 dorm.
1 baño"|90|2|||Alquiler de departamento en San Juan de Lurigancho – a 5min Estación BayóvarSe alquila departamento ubicado en 3er piso dentro de una urbanización tranquila, a solo cinco minutos de la estación Bayóvar. El entorno cuenta con vías amplias, acceso rápido al transporte y a la Av. Central Características del departamento: Área de 90 m²Tercer pisoDos dormitorios con buena iluminaciónUn baño completoSala cómoda y ventiladaCocina independientePequeño patio interiorTerma y gas cálidoServicios: Agua y luz se pagan por separadoUbicación: Cerca de la estación Bayóvar (5 minutos) A pocos metros de Av. Central Zona con mercados, tiendas, movilidad constante y acceso a serviciosCondiciones: Alquiler: S/ 1, 100 mensualesUn mes de adelanto + un mes de garantíaSe acepta mascota pequeña|https://urbania.pe/inmueble/clasificado/alclapin-alquiler-de-departamento-en-bayovar-san-juan-de-lurigancho-2-dormitorios-148654705?n_src=Listado&n_pg=1&n_pos=3|2026-02-01
urbania|departamentos|alquiler|Lima Este|San Juan de Lurigancho|"Jr tiahuanaco 380 Zarate
San Juan de Lurigancho, Lima"|S/ 1,750 · USD 525|1750|525|||"120 m² tot.
3 dorm.
2 baños
1 estac."|120|3|2|1|¡Alquila tu nuevo hogar en Zárate, sjl! Departamento amplio de 120 m² ubicado estratégicamente en la cuadra 3 de Av. Gran Chimú, a pocos pasos de un hermoso parque. Características: -3 dormitorios bien iluminados. -Sala-comedor amplia. -Cocina funcional. -2 baños completos. -1 estacionamiento privado. * Propietario no permite Mascotas por mala experiencia pasada* (Lo sentimos) Ubicación privilegiada: -Fácil acceso al centro de Lima. -Conexión directa con la Vía de Evitamiento. - Cerca de Parques, bodegas, colegios, casas de cambio, farmacias, restaurantes, mercados y más. Ideal para familias que buscan comodidad, tranquilidad y excelente conectividad. ¡Agenda una visita ahora y no dejes pasar esta oportunidad!|https://urbania.pe/inmueble/clasificado/alclapin-alquiler-de-departamento-en-san-juan-de-lurigancho-lima-3-dormitorios-145464203?n_src=Listado&n_pg=1&n_pos=4|2026-02-01
urbania|departamentos|alquiler|Lima Este|San Juan de Lurigancho|"Asociación Villa Mangomarca
Mangomarca, San Juan de Lurigancho"|S/ 1,500 · USD 446|1500|446|||"70 m² tot.
2 dorm.
1 baño"|70|2|||"Alquiler – departamento en mangomarca, san juan de luriganchourbanización MangomarcaVive en una zona residencial tranquila, segura y rodeada de aire puro, frente a parque y sin edificios alrededor. ¡Un lugar donde realmente se respira paz! Características: 70 m² | 2 años de antigüedad2 habitacionesEntrada independienteFinos acabadosExcelente iluminación y ventilación naturalServicios independizadosFrente a parqueDisponible a partir del 03 de febreroA minutos de avenidas principales, con fácil acceso a transporte y servicios. Las imágenes y/o información de este inmueble son de carácter referencial. R. uc.: Razón social: Inversiones Delia S. A. C."|https://urbania.pe/inmueble/clasificado/alclapin-alquiler-de-departamento-en-mangomarca-san-juan-de-lurigancho-2-dormitorios-148569136?n_src=Listado&n_pills=%C3%81rea+de+lavander%C3%ADa&n_pg=1&n_pos=5|2026-02-01
urbania|departamentos|alquiler|Lima Este|San Juan de Lurigancho|"Heliotropos
San Juan de Lurigancho, Lima"|S/ 2,300 · USD 682|2300|682|||"160 m² tot.
3 dorm.
3 baños"|160|3|3||Este hermoso departamento se encuentra en excelente estado, totalmente pintado y listo para tu mudanza. (Segundo Piso) Ubicado en una zona tranquila y con fácil acceso a vías principales, disfrutarás de amplios ambientes bien distribuidos y con excelente iluminación natural. Distribución: Amplia sala y comedorEspacio adicional que puede usarse como sala de estarKitchenette con barra desayunadora, cocina incluida, muebles altos y bajosBaño de visitaÁrea libre ideal para tv room o zona de juegosDormitorio principal con baño incorporadoDormitorio secundario con baño incorporadoTercer dormitorio con baño completo externoLavandería dentro del departamentoEspacio adicional para tendal en la azotea (4to piso) Características adicionales: Vista a parqueNo se paga mantenimientoCuenta con gas naturalAccesibilidad: A pocos minutos del colegio Las Florecillas, Parque San Francisco, kfc, estación San Martín del tren eléctrico, y cerca de las avenidas Las Flores y Canto Grande, bancos, restaurantes y diversos comercios. Un departamento amplio, iluminado y bien ubicado — ideal para familias que buscan comodidad y funcionalidad en una zona tranquila y segura. Departamento amplio, cómodo y muy bien iluminado — ideal para familias que buscan confort y funcionalidad. Consultar con el Agente Inmobiliario encargado para mayor información Ver datos.|https://urbania.pe/inmueble/clasificado/alclapin-alquiler-de-departamento-en-san-juan-de-lurigancho-lima-3-dormitorios-148000427?n_src=Listado&n_pills=%C3%81rea+de+lavander%C3%ADa&n_pg=1&n_pos=6|2026-02-01
urbania|departamentos|alquiler|Lima Este|San Juan de Lurigancho|"Av. Las Flores de Primavera al 800 Urb. Las Flores
San Juan de Lurigancho, Lima"|"S/ 1,100 · USD 320
8%"|1100|320|8%||"60 m² tot.
2 dorm.
1 baño"|60|2|||Alquiler de departamento en San Juan de Lurigancho! Ubicación privilegiada, a pocos minutos de la Estación Pirámide del sol y Caja de Agua ( tren eléctrico), con fácil acceso. Además, muy cerca de nuevo Mall Aventura de sjl y al instituto sise. El departamento cuenta con 70 m2 bien distribuidos. distribucion: - 2 dormitorios amplios que comparten un baño completo. -kitchenette. - sala- comedor amplia e iluminada. - ubicado en un 2 piso ( con escaleras) visitas faciles!!|https://urbania.pe/inmueble/clasificado/alclapin-alquiler-de-departamento-en-san-juan-de-lurigancho-lima-2-dormitorios-147925976?n_src=Listado&n_pg=1&n_pos=7|2026-02-01
urbania|departamentos|alquiler|Lima Este|San Juan de Lurigancho|"Av. Central al 1000
San Juan de Lurigancho, Lima"|"S/ 1,000
9%"|1000||9%||"75 m² tot.
3 dorm.
1 baño"|75|3|||Alquiler de departamento en san juan de lurigancho 3 dormitorioscontacto: eduardo nalvarte alvarezcelular: 9. 9. 4. 4. 8. 6. 4. 9. 0Departamento de Estreno dpto. 5 Cerca a la estación de Bayóvar en sjlubicación, diseño y confort se combinan en este departamento de estreno en alquiler. Situado en la Av. Central, a solo dos cuadras de la estación del tren de Bayóvar, te permitirá disfrutar de una vida práctica y conectada. 3 habitaciones espaciosas y bien distribuidas1 bañoCocina equipada con muebles altos y bajos de melamine, cocina incluida y gas naturalLavandería independienteSolo un departamento por piso, mayor tranquilidad y privacidadVive en una zona comercial con fácil acceso a transporte y servicios esenciales. Consulta disponibilidad y agenda una visita.|https://urbania.pe/inmueble/clasificado/alclapin-alquiler-de-departamento-en-san-juan-de-lurigancho-lima-3-dormitorios-148472182?n_src=Listado&n_pills=%C3%81rea+de+lavander%C3%ADa&n_pg=1&n_pos=8|2026-02-01
urbania|departamentos|alquiler|Lima Este|San Juan de Lurigancho|"Los Granates 637
Inca Manco Capac, San Juan de Lurigancho"|S/ 1,500|1500||||"75 m² tot.
2 dorm.
1 baño"|75|2|||Se alquila acogedor departamento de 75 m2 en San Juan de Lurigancho. Se encuentra ubicado en el segundo piso con vista a la calle de vivienda multifamiliar, ideal para dos a tres personas que buscan un hogar tranquilo y familiar. Ubicación. estratégica Y céntrica. Dirección: Ubicado en Jr. Granates del distrito de San Juan de Lurigancho ( ref. A espaldas de Metro Hacienda) • A menos de 20 minutos de Mall Aventura Plaza San Juan de Lurigancho, Supermercado Metro. • A 5 minutos de Estación Los Jardines de la Línea 1 del Tren Eléctrico. características. departamento renovado con excelente iluminación Y ventilación con vista directa A la calle. • Ingreso independiente con intercomunicador. • Cámaras de video en fachada de vivienda y en ingreso independiente. • Agua permanente ya que se cuenta con cisterna, tanque elevado y bomba. • 01 dormitorio principal con closet nuevo y wall panel, además de balcón a la calle. • 01 dormitorio secundario con vista interna. • 01 sala comedor con vista a la calle con piso de parquét. • 01 cocina con nuevos reposteros altos y bajos con campana extractora. • 01 baño completo con accesorios de acero inoxidable en la ducha y repisas, incluye terma marca Solé • 01 area de lavandería y tendedero compartido ubicado en el 4to piso. condiciones del alquiler. Mensualidad alquiler: S/. 1500 (incluido mantenimiento) 01 mes de Adelanto, 01 mes de Garantía, Contrato de 6 meses a 1 año (renovable). Servicios no incluidos: • Luz a cuenta del Inquilino (cuenta con medidor) • Agua a cuenta compartida entre total de inquilinos de vivienda. • Internet, cable y teléfono fijo a solicitud y nombre del inquilino. • No cuenta con estacionamiento propio, pero se cuentan con vecino que brinda servicio de alquiler de cochera. Requisitos del inquilino: • Antecedentes Policiales y penales. • No estar en reporte de Deudas Infocorp. Para mayor información y/o coordinación de visitas, mandar mensaje vía WhatsApp al +Ver datos y +Ver datos. Se le responderá la brevedad posible.|https://urbania.pe/inmueble/clasificado/alclappa-alquiler-de-departamento-en-inca-manco-capac-san-juan-de-lurigancho-2-dormitorios-148751251?n_src=Listado&n_pills=%C3%81rea+de+lavander%C3%ADa&n_pg=1&n_pos=9|2026-02-01
urbania|departamentos|alquiler|Lima Este|San Juan de Lurigancho|"Av. Marsella
San Juan de Lurigancho, Lima"|S/ 1,300|1300||||"110 m² tot.
3 dorm.
2 baños"|110|3|2||Alquiler S/ 1, 300 / 3 hab / 2 baños / 110M2infocorp okluz anitacontáctame *9*9*8*6*1*9*1*2*4alquiler de departamento en san juan de lurigancho estación santa rosaalquiler de departamento de 110m2 en el 2do piso de 3 habitacionesUbicado en La Av. Marsella 255 a 2 Cdras de la Estación Santa Rosa del Metro de LimaA 2 Cdras. De la Av. San RosaMuy cerca al supermercado de metro de Canto Rey, Bancos, Restaurantes entre otros comercios. El departamento está en el 2do Piso: Sala Comedor muy amplio iluminado y ventiladoCocina con mayólicas en todas las paredes. Dormitorio Principal con Baño completo2 dormitorios secundarios amplio para cama de 2 plazas1 baño completodatos generales. Área 110m2Servicios de Agua según contómetro y energía eléctrica según medidor independienteSin Mantenimiento, Mantener el área limpia incluido escalerasalquiler S/ 1, 300 solesCondición 1 mes adelantado X 2 de GarantíaEstar bien en infocorpcon sustentación de ingresos|https://urbania.pe/inmueble/clasificado/alclapin-alquiler-de-departamento-en-san-juan-de-lurigancho-lima-3-dormitorios-148788109?n_src=Listado&n_pg=1&n_pos=10|2026-02-01
urbania|departamentos|alquiler|Lima Este|San Juan de Lurigancho|"San Juan de Lurigancho
San Juan de Lurigancho, Lima"|S/ 44,400 · USD 12,000|44400|12000|||"1009 m² tot.
3 baños
4 estac."|1009||3|4|Local en excelente ubicación frente A paradero piramides del solse alquila local comercial, en excelente ubicación, cruce de Av. Lurigancho con Los Próceres. Área de terreno: 1009. 4m2 y más de 24ml de frente, Área construida: 516. 7 m2Precio de alquiler: us$12, 000 dólares mensuales, zonificación cz. Visitas e InformesVladimir MoscosoVer datos|https://urbania.pe/inmueble/clasificado/alclapin-alquiler-de-departamento-en-san-juan-de-lurigancho-lima-144403409?n_src=Listado&n_pg=1&n_pos=11|2026-02-01
urbania|departamentos|alquiler|Lima Este|San Juan de Lurigancho|"Los Chasquis 552
Zarate, San Juan de Lurigancho"|S/ 1,500|1500||||"70 m² tot.
2 dorm.
1 baño"|70|2|||Alquiler de departamento en zárate – san juan de luriganchose alquila todo el segundo piso (70 m²) en una de las mejores zonas de Zárate, San Juan de Lurigancho, frente a un parque. Ubicado en Los Chasquis 554, a la altura de la cuadra 4 de la Av. Chimú, una zona altamente transitada con múltiples negocios y servicios. El departamento cuenta con zonificación rdm, por lo que puede ser usado como vivienda, consultorio u oficina. alrededores: Al costado de una iglesia. Frente a un parque con áreas verdes y espacio para estacionar. A menos de 2 cuadras del Centro de Atención al Cliente de Claro. A 3 cuadras del Mini-Market Mass. Cerca de boticas reconocidas (Inkafarma, Mifarma). Próximo a la Notaría Chávez Gil, pollería Roky’s, bancos bbva y Banco de la Nación, y Sunarp. Cerca de chifas, restaurantes, tiendas de ropa, fuentes de soda y la Municipalidad. el departamento cuenta con: Hermosa vista al parque. Sala comedor con vista a la calle. 1 baño completo. Cocina con gas natural y área de lavandería. 2 habitaciones amplias, iluminadas y bien ventiladas. Acabados recientemente remodelados. precio de alquiler: S/ 1, 500 solescondiciones: 2 meses de garantía + 1 mes de adelantoContrato mínimo de 1 añorequisitos: Buen historial crediticioSustento de ingresosVive frente al parque, en una zona céntrica, tranquila y con gas natural.|https://urbania.pe/inmueble/clasificado/alclapin-alquiler-de-departamento-en-zarate-san-juan-de-lurigancho-2-dormitorios-147864481?n_src=Listado&n_pills=%C3%81rea+de+lavander%C3%ADa&n_pg=1&n_pos=12|2026-02-01
urbania|departamentos|alquiler|Lima Este|San Juan de Lurigancho|"Ganímedes 138
Los Angeles, San Juan de Lurigancho"|S/ 1,400|1400||||"67 m² tot.
2 dorm.
1 baño"|67|2|||Urb: Los Angeles. Área: 67 m2. Piso: 3er vista interna. Estreno. distribución. 2 habitaciones amplias. 1 sala comedor. 1 cocina. 1 baño completo. 1 area de lavanderia. áreas comunes. Zona de parrillas. zona de tendal. Una cocina. Un baño completo. Precio: 1, 400 soles negociables. Condiciones: 2 meses de adelanto y 1 mes de garantía. Ubicados frente al parque los angeles, 3 minutos de la estación san carlos, 4 minutos de las universidades utp, upn, cerca de centros comerciales y más. Agenda tu visita al: 9-4-1-1-3-8-5-9-1. 9-4-4-2-7-3-0-5-9. lima house inmobiliaria|https://urbania.pe/inmueble/clasificado/alclapin-alquiler-de-departamento-en-los-angeles-san-juan-de-lurigancho-2-dormitorios-148701678?n_src=Listado&n_pills=Seguridad&n_pg=1&n_pos=13|2026-02-01
urbania|departamentos|alquiler|Lima Este|San Juan de Lurigancho|"Las dalias 134
San Juan de Lurigancho, Lima"|S/ 1,000|1000||||"58 m² tot.
1 dorm.
1 baño"|58|1|||A 300 metros de la Estación San Martín del Tren Eléctrico. Características del inmueble: • 1 habitación. • 1 baño. • Área construida: 66 m² • Área total: 55 m² • Cochera: Paralelo techado. • Antigüedad: 40 años. Servicios: • Agua municipal. • Energía por empresa privada. • Drenaje municipal. • No cuenta con gas. Beneficios del inmueble: • Ubicación estratégica con acceso rápido al tren eléctrico. • Movilidad garantizada hacia cualquier punto de la ciudad. • Zona tranquila y con diversas facilidades cercanas: comercios, bancos, mercados y transporte público. • Ideal para personas solas, parejas o profesionales que buscan independencia. Contáctanos para coordinar una visita.|https://urbania.pe/inmueble/clasificado/alclapin-alquiler-de-departamento-en-san-juan-de-lurigancho-lima-1-dormitorio-148377920?n_src=Listado&n_pg=1&n_pos=14|2026-02-01
urbania|departamentos|alquiler|Lima Este|San Juan de Lurigancho|"Avenida Tupac Amaru
Las Flores, San Juan de Lurigancho"|S/ 2,000|2000||||"120 m² tot.
3 dorm.
2 baños"|120|3|2||Departamento amplio con salida externa en un edificio familiar. Cuenta con 3 dormitorios, 2 baños, sala, comedor y cocina. A la altura del paradero 2 de las flores. Cerca al parque y al mercado.|https://urbania.pe/inmueble/clasificado/alclappa-alquiler-de-departamento-en-las-flores-san-juan-de-lurigancho-3-dormitorios-147458269?n_src=Listado&n_pills=Cerca+a+colegios&n_pg=1&n_pos=15|2026-02-01
urbania|departamentos|alquiler|Lima Este|San Juan de Lurigancho|"Los Chasquis 552
Zarate, San Juan de Lurigancho"|S/ 1,800 · USD 404|1800|404|||"148 m² tot.
3 dorm.
1 baño"|148|3|||Alquiler de departamento U oficina en zárate - san jun de luriganchose alquila todo el tercer piso (148m2), en una de las mejores zonas de Zárate, San Juan de Lurigancho, frente al parque. El departamento está ubicado en Jr. Los Chasquis 552 a la altura de la cuadra 4 de Chimú, siendo una avenida altamente transitada por transeúntes para disfrutar de la variedad de negocios de servicios de consumo, etc. El departamento tiene una zonificación: rdm, y puede también ser usado para consultorios Y oficinas. el departamento cuenta con: - Hermosa vista al parque. - Acabados recién remodelados en varias áreas. - Sala comedor con vista a la calle. - 3 habitaciones amplias, iluminadas y bien ventiladas. - Un baño completo. - Un área de cocina y lavandería. - Tiene al frente del departamento un hermoso parque para que pueda disfrutar con lo hijos o con la familia a cualquier hora del día. - Terraza Ampliaequipado con: Lavadora y Refrigerador. alrededores: - Se encuentra al costado de una Iglesia. - Se encuentra frente a un lindo parque en el que puede disfrutar con su familia, con espacio para estacionar autos o camionetas. - Se encuentra a menos de 2 cuadras del servicio de Centro de Atención al Cliente de Claro. - Se encuentra a menos de 3 cuadras de Mini-Market Mass. - Se encuentra a unas cuadras de boticas con con renombre como Inkafarma, Mifarma. - Se encuentra cerca la notaría Chávez Gil. - se encuentra a 2 cuadras de la pollería Roki´s. - se encuentra a 2 cuadras del banco bbva. - se encuentra a 3 cuadras del Banco de la Nación. - Se encuentra a unas cuadras de la Sunarp. - Se encuentra cerca de chifas, restaurantes, tiendas de ropa, fuente soda. - se encuentra 6 cuadras de la Municipalidad. precio de alquiler: S/. 1800 solescondiciones: * 2 Meses de Garantía + 1 Mes de Renta Adelantada* Contrato: 1 año mínimorequisitos: * Buen historial crediticio* Sustento de ingresospara más informacióncontacto: 906 * 081 * 320|https://urbania.pe/inmueble/clasificado/alclapin-alquiler-de-departamento-en-zarate-san-juan-de-lurigancho-3-dormitorios-147760325?n_src=Listado&n_pills=%C3%81rea+de+lavander%C3%ADa&n_pg=1&n_pos=16|2026-02-01
urbania|departamentos|alquiler|Lima Este|San Juan de Lurigancho|"San Juan de Lurigancho
San Juan de Lurigancho, Lima"|S/ 1,800|1800|||180|"98 m² tot.
3 dorm.
2 baños"|98|3|2||Departamentos de estreno en san juan de lurigancho. Vive en una zona céntrica y comercial, a pocos pasos del Parque Zonal Huiracocha, cerca de colegios, clínicas, avenidas principales y a una cuadra del Mall Aventura Plaza, el centro comercial más grande de Lima. Ubicación: Jirón Los Tordos N° 1098, cruce con Av. 13 de Enero, distrito de San Juan de Lurigancho, Lima. Departamento N. º 301 – 98 M² Precio de alquiler: S/ 1, 800 mensuales. Mantenimiento y arbitrios: S/ 200. Características: Sala-comedor con vista a la calle, amplias ventanas que permiten gran iluminación y ventilación. Cocina cerrada amoblada con muebles altos y bajos, mesón de porcelanato y espacio para cocina de 4 hornillas y campana extractora. Lavandería espaciosa con caño y área para tendal. Dormitorio principal con vista a calle, capacidad para cama King Size, clóset amplio de pared a pared y baño privado con grifería fina, espejo y muebles altos. Segunda habitación con clóset y ventana con vista exterior. Tercera habitación con capacidad para cama de 1 plaza y media. Baño secundario completo. Condiciones de alquiler. Sustento de ingresos (boletas o recibos de honorarios). Buen historial crediticio (reporte verde en Infocorp). Dos meses de garantía y un mes de adelanto. No se aceptan mascotas. El edificio cuenta con: Escaleras descansadas totalmente revestidas en porcelanato, acceso independiente, medidor de luz y contómetro de agua para cada departamento. Conoce el departamento que estabas buscando. Agenda tu visita con 24 horas de anticipación. Contacto: Inmobiliaria Portilla 9. 4. 9. 1. 7. 4. 6. 3. 9. Seriedad, confianza y calidad en cada propiedad.|https://urbania.pe/inmueble/clasificado/alclapin-alquiler-de-departamento-en-san-juan-de-lurigancho-lima-3-dormitorios-66433854?n_src=Listado&n_pills=%C3%81rea+de+lavander%C3%ADa&n_pg=1&n_pos=17|2026-02-01
